<?xml version="1.0" encoding="UTF-8"?>
<project-private xmlns="http://www.netbeans.org/ns/project-private/1">
    <editor-bookmarks xmlns="http://www.netbeans.org/ns/editor-bookmarks/2" lastBookmarkId="0"/>
    <open-files xmlns="http://www.netbeans.org/ns/projectui-open-files/2">
        <group>
            <file>file:/C:/Users/Anell/OneDrive/Escritorio/Venta/Sistema-venta-java-v1-main/src/Modelo/login.java</file>
            <file>file:/C:/Users/Anell/OneDrive/Escritorio/Venta/Sistema-venta-java-v1-main/src/Modelo/Venta.java</file>
            <file>file:/C:/Users/Anell/OneDrive/Escritorio/Venta/Sistema-venta-java-v1-main/src/Modelo/Config.java</file>
            <file>file:/C:/Users/Anell/OneDrive/Escritorio/Venta/Sistema-venta-java-v1-main/src/Modelo/VentaDao.java</file>
            <file>file:/C:/Users/Anell/OneDrive/Escritorio/Venta/Sistema-venta-java-v1-main/src/Modelo/Eventos.java</file>
            <file>file:/C:/Users/Anell/OneDrive/Escritorio/Venta/Sistema-venta-java-v1-main/src/Modelo/Productos.java</file>
            <file>file:/C:/Users/Anell/OneDrive/Escritorio/Venta/Sistema-venta-java-v1-main/src/Modelo/LoginDAO.java</file>
        </group>
    </open-files>
</project-private>
